type,id,post_id,post_title,author,content,content_length,score,depth,is_op,created_date,created_timestamp,subreddit,permalink,full_url
post,t3_1pgbd8i,t3_1pgbd8i,Should i let myself do things that make me feel sad and anxious to get over it? (existential dread relating to time),Scribbleclouddd,"for context, i have a strong intense existential dread/fear/anxiety related to time passing, especially and specifically about how little time we have and how fast it goes by, ive always hated sayings like ""life your life to the fullest while you have the time"" and etc, because while it is of course true, the pressure and fear that thought puts on you inherently makes it harder to do just that, at least for me. I find it hard to enjoy my time if i keep focusing about just how little time that IS, but if i dont, i may run out or not spend it wisely.. it sucks..

These thoughts and feelings have kind of been around for a long time to an extend but they came back the strongest they have ever been earlier this year, just a month or so before my 21st birthday, id wake up shaking and unable to get back to sleep

i got out of it after roughly a week when instead of trying to keep thinking about it and basically hitting myself where it hurt to try and maybe get over it i let myself be more uplifting and optimistic in my thoughts essentially and basically convince myself it was okay and that i didnt need to be worrying..

the thoughts still stuck with me to an extend, of course, but it was never to a degree that SERIOUSLY bothered me or impacted my ability to enjoy my life like before.

this feeling came back again last month, subsided again, then came back this month

Read here for the actual question!

When i am in these states, my mind feels very vulnerable, like any tiny thing that even hints as anything that can relate to this fear can be very very painful and make me slip back into feeling very awful for an extended time

ppl say you have to like face your fear if you have irrational anxieties and just go through it and realize youre fine after to get thru them but does that also apply if its not just anxiety but its also just like existential dread and like depression (as in deep sadness and worry and pain not clinical depression)

im just asking because im like worried about making it ""worse"" or something

so is it like good or bad if i let myself go through things that make me feel existential fear and sadness

currently these are things like:planning my day making sure i get in bed punctually/earlythinking about how much time i have in the day and for different things i do in the day thinking about anything related to time passing in general

instead of comforting myself and letting myself do things that lessen that feeling?

currentlytheseare things likeletting myself stay up a little longernot thinking about time and stufftrying to tell myself i still have enough time to do other things before bedletting myself do whatever feels the most comforting and least painful in general when im feeling bad instead of what would be ""ideal""

the latter has been the most helpful with helping the feeling, like in the beginning of the year and the beginning of last month, but it came back later in the year and early in this month so maybe its bad to do in the long term? idk im just worried if i make myself feel this strong emotional pain too much it will like- stick in my brain or something and i wont be able to be free of it anymore but i also worry if i avoid it it will just keep coming back",3240,1,0,true,,2025-12-07T06:22:57.528000+0000,r/mentalhealth,/r/mentalhealth/comments/1pgbd8i/should_i_let_myself_do_things_that_make_me_feel/,https://www.reddit.com/r/mentalhealth/comments/1pgbd8i/should_i_let_myself_do_things_that_make_me_feel/
comment,t1_nsq0u9n,t3_1pgbd8i,Should i let myself do things that make me feel sad and anxious to get over it? (existential dread relating to time),Scribbleclouddd,"TL;DR i have recurring phases of intense sadness/anxiety/existential dread about the fleetingness of time & i dont know whether i should let myself think thoughts/do things that trigger it to ""get over it"" or whether i shouldnt in case it does more long term harm than good",273,1,0,false,,,r/mentalhealth,/r/mentalhealth/comments/1pgbd8i/comment/nsq0u9n/,https://www.reddit.com/r/mentalhealth/comments/1pgbd8i/comment/nsq0u9n/
comment,t1_nsq3s93,t3_1pgbd8i,Should i let myself do things that make me feel sad and anxious to get over it? (existential dread relating to time),various_butterfly_8,"Its good to do some emotion regulation. But look at rhe clock, dont get lost in thoughts or selfdoubt and self blame. Those emotions are very low at the ""emotional guidance scale"". Anger, blame, frustration are feelings above that, so try to feel those when you can.

Humans know 4 basic emotions: happy, bad, sad, fear. We cant go from happy to sad quickly, but if we could learn 22 emotions from that emotional guidance scale, it teaches you how to climb the ladderü™ú and how to get to the positive emotions",508,1,1,false,,,r/mentalhealth,/r/mentalhealth/comments/1pgbd8i/comment/nsq3s93/,https://www.reddit.com/r/mentalhealth/comments/1pgbd8i/comment/nsq3s93/
comment,t1_nsq6mi1,t3_1pgbd8i,Should i let myself do things that make me feel sad and anxious to get over it? (existential dread relating to time),Scribbleclouddd,emotional guidance scale? This is very interesting i havent heard much about it before,86,1,2,false,,,r/mentalhealth,/r/mentalhealth/comments/1pgbd8i/comment/nsq6mi1/,https://www.reddit.com/r/mentalhealth/comments/1pgbd8i/comment/nsq6mi1/
comment,t1_nsq0v1t,t3_1pgbd8i,Should i let myself do things that make me feel sad and anxious to get over it? (existential dread relating to time),Scribbleclouddd,"If you have any question at all please ask away i will do my best to answer, ive had to simplify and omit a lot of specifics and detail from this post to make sure it fit the upload limit",187,1,0,false,,,r/mentalhealth,/r/mentalhealth/comments/1pgbd8i/comment/nsq0v1t/,https://www.reddit.com/r/mentalhealth/comments/1pgbd8i/comment/nsq0v1t/
comment,t1_nsq1fan,t3_1pgbd8i,Should i let myself do things that make me feel sad and anxious to get over it? (existential dread relating to time),RideLower199,i need to save this,19,1,0,false,,,r/mentalhealth,/r/mentalhealth/comments/1pgbd8i/comment/nsq1fan/,https://www.reddit.com/r/mentalhealth/comments/1pgbd8i/comment/nsq1fan/
comment,t1_nsq3qo4,t3_1pgbd8i,Should i let myself do things that make me feel sad and anxious to get over it? (existential dread relating to time),Scribbleclouddd,oh?,3,1,1,false,,,r/mentalhealth,/r/mentalhealth/comments/1pgbd8i/comment/nsq3qo4/,https://www.reddit.com/r/mentalhealth/comments/1pgbd8i/comment/nsq3qo4/
comment,t1_nsq4m44,t3_1pgbd8i,Should i let myself do things that make me feel sad and anxious to get over it? (existential dread relating to time),RideLower199,sorry i just feel the same and that put part of it into words for me. it all started or got worse in 2015 and i have a lot of nightmares since then so about 7 years.,165,1,2,false,,,r/mentalhealth,/r/mentalhealth/comments/1pgbd8i/comment/nsq4m44/,https://www.reddit.com/r/mentalhealth/comments/1pgbd8i/comment/nsq4m44/
comment,t1_nsq29a1,t3_1pgbd8i,Should i let myself do things that make me feel sad and anxious to get over it? (existential dread relating to time),Scribbleclouddd,"a big reason going to bed and thinking about how much time i have left in the day bring me such emotional pain and dread is because in my mind it mirrors life, with the day being my life, trying my best to make sure ive spent it worthwhile enough even though it passes so quickly, and sleep being ""death"". The thought that i dont have enough time left in the day to do what i want to really digs at that fear of one day realizing i dont have enough time left in my life to do what i want to do, and thats terrifying. Its worth noting that im not afraid of death itself, im not afraid of being dead, it brings me comfort almost, because when i am dead none of this will matter, not in a suicidal kind of way, im anything but. What im afraid of is the limitations in time that death puts on life",793,1,0,false,,,r/mentalhealth,/r/mentalhealth/comments/1pgbd8i/comment/nsq29a1/,https://www.reddit.com/r/mentalhealth/comments/1pgbd8i/comment/nsq29a1/
comment,t1_nsq3bot,t3_1pgbd8i,Should i let myself do things that make me feel sad and anxious to get over it? (existential dread relating to time),various_butterfly_8,"Terrifying thoughts makes your heartrate go up. That keeps a body in survival mode..

We have 50.000-70.000 thoughts a day, the first thought is followed by a thought that validates the first thought. It could take upto 3 days for our body to go back to relaxed after a stressful event. But if something else pops up in the meanwhile, if doubles. ( thoughts that freak you out, count too)",388,1,1,false,,,r/mentalhealth,/r/mentalhealth/comments/1pgbd8i/comment/nsq3bot/,https://www.reddit.com/r/mentalhealth/comments/1pgbd8i/comment/nsq3bot/
comment,t1_nsq2op3,t3_1pgbd8i,Should i let myself do things that make me feel sad and anxious to get over it? (existential dread relating to time),various_butterfly_8,"Sometimes, I believe in Low stress therapy. Its to slightly bring you out of your comfortzone, but not to much.

Other thing is, for some people its really helpful if they can take someone with them a few times, and later to ask if they can drop you. That way we make smaller steps towards the goal.

So, I would advise to find small steps to trigger some anxiety. And it has to be a good experience, something to be proud of. That way your body learns how to feel competent/safe by itself. üçÄ",492,1,0,false,,,r/mentalhealth,/r/mentalhealth/comments/1pgbd8i/comment/nsq2op3/,https://www.reddit.com/r/mentalhealth/comments/1pgbd8i/comment/nsq2op3/
comment,t1_nsq4p9i,t3_1pgbd8i,Should i let myself do things that make me feel sad and anxious to get over it? (existential dread relating to time),Realistic-Ice-9714,"You‚Äôre not having some deep philosophical crisis you‚Äôre obsessing yourself into misery over a normal fact of life. Everyone knows time passes fast. Most people accept it and keep living. You, on the other hand, keep poking the wound and wondering why it hurts. You‚Äôre not ‚Äúfacing your fear,‚Äù you‚Äôre feeding it. Constantly measuring your day, tracking time, and overthinking every minute isn‚Äôt wisdom  it‚Äôs you giving anxiety a full-time job. You don‚Äôt need more analysis. You need to stop micromanaging existence. Do what actually calms you, not what fits some imaginary ‚Äúideal lifestyle.‚Äù Letting yourself live like a human instead of a stopwatch isn‚Äôt weakness  it‚Äôs the only reason you felt better before. The fear comes back because you keep reopening the door for it. If you want it to stop running your life, stop giving it attention.",840,1,0,false,,,r/mentalhealth,/r/mentalhealth/comments/1pgbd8i/comment/nsq4p9i/,https://www.reddit.com/r/mentalhealth/comments/1pgbd8i/comment/nsq4p9i/
comment,t1_nsq638a,t3_1pgbd8i,Should i let myself do things that make me feel sad and anxious to get over it? (existential dread relating to time),Scribbleclouddd,"thank you, i suppose part of me keeps worrying about ""what if even when im doing fine i think about this benign thing and it pulls me back into this phase of existential dread"" so i think about it to try and test if that happens, because i want to be able to just live my life and think without a random dream or thought suddenly tearing me down out of nowhere",360,1,1,false,,,r/mentalhealth,/r/mentalhealth/comments/1pgbd8i/comment/nsq638a/,https://www.reddit.com/r/mentalhealth/comments/1pgbd8i/comment/nsq638a/
comment,t1_nsq6c7t,t3_1pgbd8i,Should i let myself do things that make me feel sad and anxious to get over it? (existential dread relating to time),Scribbleclouddd,"i guess essentially i worry that if i dont pay attention to and avoid the thoughts im sensitive to they will grow more power and take me down when i dont expect it, i dont know, does that make sense? Haha..",206,1,2,false,,,r/mentalhealth,/r/mentalhealth/comments/1pgbd8i/comment/nsq6c7t/,https://www.reddit.com/r/mentalhealth/comments/1pgbd8i/comment/nsq6c7t/
comment,t1_nsq71i4,t3_1pgbd8i,Should i let myself do things that make me feel sad and anxious to get over it? (existential dread relating to time),Scribbleclouddd,thank you all so much for your answers so far it has been super helpful and interesting to read üß°üß°üß°,99,1,0,false,,,r/mentalhealth,/r/mentalhealth/comments/1pgbd8i/comment/nsq71i4/,https://www.reddit.com/r/mentalhealth/comments/1pgbd8i/comment/nsq71i4/
