type,id,post_id,post_title,author,content,content_length,score,depth,is_op,created_date,created_timestamp,subreddit,permalink,full_url,sentiment,topic,support_type
post,t3_1pgbd8i,t3_1pgbd8i,Should i let myself do things that make me feel sad and anxious to get over it? (existential dread relating to time),Scribbleclouddd,"for context, i have a strong intense existential dread/fear/anxiety related to time passing, especially and specifically about how little time we have and how fast it goes by, ive always hated sayings like ""life your life to the fullest while you have the time"" and etc, because while it is of course true, the pressure and fear that thought puts on you inherently makes it harder to do just that, at least for me. I find it hard to enjoy my time if i keep focusing about just how little time that IS, but if i dont, i may run out or not spend it wisely.. it sucks..

These thoughts and feelings have kind of been around for a long time to an extend but they came back the strongest they have ever been earlier this year, just a month or so before my 21st birthday, id wake up shaking and unable to get back to sleep

i got out of it after roughly a week when instead of trying to keep thinking about it and basically hitting myself where it hurt to try and maybe get over it i let myself be more uplifting and optimistic in my thoughts essentially and basically convince myself it was okay and that i didnt need to be worrying..

the thoughts still stuck with me to an extend, of course, but it was never to a degree that SERIOUSLY bothered me or impacted my ability to enjoy my life like before.

this feeling came back again last month, subsided again, then came back this month

Read here for the actual question!

When i am in these states, my mind feels very vulnerable, like any tiny thing that even hints as anything that can relate to this fear can be very very painful and make me slip back into feeling very awful for an extended time

ppl say you have to like face your fear if you have irrational anxieties and just go through it and realize youre fine after to get thru them but does that also apply if its not just anxiety but its also just like existential dread and like depression (as in deep sadness and worry and pain not clinical depression)

im just asking because im like worried about making it ""worse"" or something

so is it like good or bad if i let myself go through things that make me feel existential fear and sadness

currently these are things like:planning my day making sure i get in bed punctually/earlythinking about how much time i have in the day and for different things i do in the day thinking about anything related to time passing in general

instead of comforting myself and letting myself do things that lessen that feeling?

currentlytheseare things likeletting myself stay up a little longernot thinking about time and stufftrying to tell myself i still have enough time to do other things before bedletting myself do whatever feels the most comforting and least painful in general when im feeling bad instead of what would be ""ideal""

the latter has been the most helpful with helping the feeling, like in the beginning of the year and the beginning of last month, but it came back later in the year and early in this month so maybe its bad to do in the long term? idk im just worried if i make myself feel this strong emotional pain too much it will like- stick in my brain or something and i wont be able to be free of it anymore but i also worry if i avoid it it will just keep coming back",3240,1,0,True,,2025-12-07T06:22:57.528000+0000,r/mentalhealth,/r/mentalhealth/comments/1pgbd8i/should_i_let_myself_do_things_that_make_me_feel/,https://www.reddit.com/r/mentalhealth/comments/1pgbd8i/should_i_let_myself_do_things_that_make_me_feel/,negative,anxiety,providing_support
comment,t1_nsq0u9n,t3_1pgbd8i,Should i let myself do things that make me feel sad and anxious to get over it? (existential dread relating to time),Scribbleclouddd,"TL;DR i have recurring phases of intense sadness/anxiety/existential dread about the fleetingness of time & i dont know whether i should let myself think thoughts/do things that trigger it to ""get over it"" or whether i shouldnt in case it does more long term harm than good",273,1,0,False,,,r/mentalhealth,/r/mentalhealth/comments/1pgbd8i/comment/nsq0u9n/,https://www.reddit.com/r/mentalhealth/comments/1pgbd8i/comment/nsq0u9n/,positive,anxiety,general_discussion
comment,t1_nsq3s93,t3_1pgbd8i,Should i let myself do things that make me feel sad and anxious to get over it? (existential dread relating to time),various_butterfly_8,"Its good to do some emotion regulation. But look at rhe clock, dont get lost in thoughts or selfdoubt and self blame. Those emotions are very low at the ""emotional guidance scale"". Anger, blame, frustration are feelings above that, so try to feel those when you can.

Humans know 4 basic emotions: happy, bad, sad, fear. We cant go from happy to sad quickly, but if we could learn 22 emotions from that emotional guidance scale, it teaches you how to climb the ladderü™ú and how to get to the positive emotions",508,1,1,False,,,r/mentalhealth,/r/mentalhealth/comments/1pgbd8i/comment/nsq3s93/,https://www.reddit.com/r/mentalhealth/comments/1pgbd8i/comment/nsq3s93/,positive,depression,providing_support
comment,t1_nsq6mi1,t3_1pgbd8i,Should i let myself do things that make me feel sad and anxious to get over it? (existential dread relating to time),Scribbleclouddd,emotional guidance scale? This is very interesting i havent heard much about it before,86,1,2,False,,,r/mentalhealth,/r/mentalhealth/comments/1pgbd8i/comment/nsq6mi1/,https://www.reddit.com/r/mentalhealth/comments/1pgbd8i/comment/nsq6mi1/,neutral,general,general_discussion
comment,t1_nsq0v1t,t3_1pgbd8i,Should i let myself do things that make me feel sad and anxious to get over it? (existential dread relating to time),Scribbleclouddd,"If you have any question at all please ask away i will do my best to answer, ive had to simplify and omit a lot of specifics and detail from this post to make sure it fit the upload limit",187,1,0,False,,,r/mentalhealth,/r/mentalhealth/comments/1pgbd8i/comment/nsq0v1t/,https://www.reddit.com/r/mentalhealth/comments/1pgbd8i/comment/nsq0v1t/,neutral,general,seeking_support
comment,t1_nsq1fan,t3_1pgbd8i,Should i let myself do things that make me feel sad and anxious to get over it? (existential dread relating to time),RideLower199,i need to save this,19,1,0,False,,,r/mentalhealth,/r/mentalhealth/comments/1pgbd8i/comment/nsq1fan/,https://www.reddit.com/r/mentalhealth/comments/1pgbd8i/comment/nsq1fan/,neutral,general,seeking_support
comment,t1_nsq3qo4,t3_1pgbd8i,Should i let myself do things that make me feel sad and anxious to get over it? (existential dread relating to time),Scribbleclouddd,oh?,3,1,1,False,,,r/mentalhealth,/r/mentalhealth/comments/1pgbd8i/comment/nsq3qo4/,https://www.reddit.com/r/mentalhealth/comments/1pgbd8i/comment/nsq3qo4/,neutral,general,general_discussion
comment,t1_nsq4m44,t3_1pgbd8i,Should i let myself do things that make me feel sad and anxious to get over it? (existential dread relating to time),RideLower199,sorry i just feel the same and that put part of it into words for me. it all started or got worse in 2015 and i have a lot of nightmares since then so about 7 years.,165,1,2,False,,,r/mentalhealth,/r/mentalhealth/comments/1pgbd8i/comment/nsq4m44/,https://www.reddit.com/r/mentalhealth/comments/1pgbd8i/comment/nsq4m44/,negative,general,general_discussion
comment,t1_nsq29a1,t3_1pgbd8i,Should i let myself do things that make me feel sad and anxious to get over it? (existential dread relating to time),Scribbleclouddd,"a big reason going to bed and thinking about how much time i have left in the day bring me such emotional pain and dread is because in my mind it mirrors life, with the day being my life, trying my best to make sure ive spent it worthwhile enough even though it passes so quickly, and sleep being ""death"". The thought that i dont have enough time left in the day to do what i want to really digs at that fear of one day realizing i dont have enough time left in my life to do what i want to do, and thats terrifying. Its worth noting that im not afraid of death itself, im not afraid of being dead, it brings me comfort almost, because when i am dead none of this will matter, not in a suicidal kind of way, im anything but. What im afraid of is the limitations in time that death puts on life",793,1,0,False,,,r/mentalhealth,/r/mentalhealth/comments/1pgbd8i/comment/nsq29a1/,https://www.reddit.com/r/mentalhealth/comments/1pgbd8i/comment/nsq29a1/,negative,general,providing_support
comment,t1_nsq3bot,t3_1pgbd8i,Should i let myself do things that make me feel sad and anxious to get over it? (existential dread relating to time),various_butterfly_8,"Terrifying thoughts makes your heartrate go up. That keeps a body in survival mode..

We have 50.000-70.000 thoughts a day, the first thought is followed by a thought that validates the first thought. It could take upto 3 days for our body to go back to relaxed after a stressful event. But if something else pops up in the meanwhile, if doubles. ( thoughts that freak you out, count too)",388,1,1,False,,,r/mentalhealth,/r/mentalhealth/comments/1pgbd8i/comment/nsq3bot/,https://www.reddit.com/r/mentalhealth/comments/1pgbd8i/comment/nsq3bot/,neutral,general,general_discussion
comment,t1_nsq2op3,t3_1pgbd8i,Should i let myself do things that make me feel sad and anxious to get over it? (existential dread relating to time),various_butterfly_8,"Sometimes, I believe in Low stress therapy. Its to slightly bring you out of your comfortzone, but not to much.

Other thing is, for some people its really helpful if they can take someone with them a few times, and later to ask if they can drop you. That way we make smaller steps towards the goal.

So, I would advise to find small steps to trigger some anxiety. And it has to be a good experience, something to be proud of. That way your body learns how to feel competent/safe by itself. üçÄ",492,1,0,False,,,r/mentalhealth,/r/mentalhealth/comments/1pgbd8i/comment/nsq2op3/,https://www.reddit.com/r/mentalhealth/comments/1pgbd8i/comment/nsq2op3/,positive,anxiety,seeking_support
comment,t1_nsq4p9i,t3_1pgbd8i,Should i let myself do things that make me feel sad and anxious to get over it? (existential dread relating to time),Realistic-Ice-9714,"You‚Äôre not having some deep philosophical crisis you‚Äôre obsessing yourself into misery over a normal fact of life. Everyone knows time passes fast. Most people accept it and keep living. You, on the other hand, keep poking the wound and wondering why it hurts. You‚Äôre not ‚Äúfacing your fear,‚Äù you‚Äôre feeding it. Constantly measuring your day, tracking time, and overthinking every minute isn‚Äôt wisdom  it‚Äôs you giving anxiety a full-time job. You don‚Äôt need more analysis. You need to stop micromanaging existence. Do what actually calms you, not what fits some imaginary ‚Äúideal lifestyle.‚Äù Letting yourself live like a human instead of a stopwatch isn‚Äôt weakness  it‚Äôs the only reason you felt better before. The fear comes back because you keep reopening the door for it. If you want it to stop running your life, stop giving it attention.",840,1,0,False,,,r/mentalhealth,/r/mentalhealth/comments/1pgbd8i/comment/nsq4p9i/,https://www.reddit.com/r/mentalhealth/comments/1pgbd8i/comment/nsq4p9i/,neutral,anxiety,seeking_support
comment,t1_nsq638a,t3_1pgbd8i,Should i let myself do things that make me feel sad and anxious to get over it? (existential dread relating to time),Scribbleclouddd,"thank you, i suppose part of me keeps worrying about ""what if even when im doing fine i think about this benign thing and it pulls me back into this phase of existential dread"" so i think about it to try and test if that happens, because i want to be able to just live my life and think without a random dream or thought suddenly tearing me down out of nowhere",360,1,1,False,,,r/mentalhealth,/r/mentalhealth/comments/1pgbd8i/comment/nsq638a/,https://www.reddit.com/r/mentalhealth/comments/1pgbd8i/comment/nsq638a/,positive,anxiety,providing_support
comment,t1_nsq6c7t,t3_1pgbd8i,Should i let myself do things that make me feel sad and anxious to get over it? (existential dread relating to time),Scribbleclouddd,"i guess essentially i worry that if i dont pay attention to and avoid the thoughts im sensitive to they will grow more power and take me down when i dont expect it, i dont know, does that make sense? Haha..",206,1,2,False,,,r/mentalhealth,/r/mentalhealth/comments/1pgbd8i/comment/nsq6c7t/,https://www.reddit.com/r/mentalhealth/comments/1pgbd8i/comment/nsq6c7t/,neutral,anxiety,general_discussion
comment,t1_nsq71i4,t3_1pgbd8i,Should i let myself do things that make me feel sad and anxious to get over it? (existential dread relating to time),Scribbleclouddd,thank you all so much for your answers so far it has been super helpful and interesting to read üß°üß°üß°,99,1,0,False,,,r/mentalhealth,/r/mentalhealth/comments/1pgbd8i/comment/nsq71i4/,https://www.reddit.com/r/mentalhealth/comments/1pgbd8i/comment/nsq71i4/,positive,support_seeking,seeking_support
comment,synth_303699,t3_synth5803,I appreciate this community for the support.,user_8675,I'm feeling overwhelmed lately and trying to cope.,50,4,3,False,2025-12-03,1764746076,r/mentalhealth,,,neutral,medication,providing_support
comment,synth_317040,t3_synth205,I'm feeling overwhelmed lately and trying to cope.,user_4661,I'm feeling overwhelmed lately and trying to cope.,50,10,1,False,2025-11-29,1764419428,r/mentalhealth,,,neutral,medication,providing_support
comment,synth_300993,t3_synth7760,Anxiety has been really tough this week.,user_8094,I'm feeling overwhelmed lately and trying to cope.,50,9,0,False,2025-11-27,1764214859,r/mentalhealth,,,neutral,medication,providing_support
comment,synth_399637,t3_synth6378,Feeling lonely and unsure how to deal with it.,user_6642,I appreciate this community for the support.,44,8,3,False,2025-11-29,1764453570,r/mentalhealth,,,positive,support_seeking,general_discussion
comment,synth_718610,t3_synth7584,Today was a small win for my wellbeing.,user_4625,I'm feeling overwhelmed lately and trying to cope.,50,0,1,False,2025-12-04,1764818250,r/mentalhealth,,,neutral,medication,providing_support
comment,synth_570365,t3_synth6448,Feeling lonely and unsure how to deal with it.,user_7970,Trying new ways to manage my mental health.,43,7,3,False,2025-12-02,1764700580,r/mentalhealth,,,neutral,general,providing_support
comment,synth_434245,t3_synth1239,I'm feeling overwhelmed lately and trying to cope.,user_7448,Some days are harder than others but I'm trying.,48,0,0,False,2025-12-01,1764567292,r/mentalhealth,,,neutral,general,providing_support
comment,synth_591076,t3_synth208,Anxiety has been really tough this week.,user_1782,I'm feeling overwhelmed lately and trying to cope.,50,4,2,False,2025-12-03,1764741098,r/mentalhealth,,,neutral,medication,providing_support
comment,synth_135761,t3_synth7521,Just needed to vent about my stress today.,user_4420,Some days are harder than others but I'm trying.,48,6,0,False,2025-12-06,1764987892,r/mentalhealth,,,neutral,general,providing_support
comment,synth_259532,t3_synth2885,Trying new ways to manage my mental health.,user_4707,I'm feeling overwhelmed lately and trying to cope.,50,6,1,False,2025-12-07,1765085788,r/mentalhealth,,,neutral,medication,providing_support
comment,synth_562584,t3_synth7858,Just needed to vent about my stress today.,user_6380,I'm feeling overwhelmed lately and trying to cope.,50,7,1,False,2025-11-26,1764162449,r/mentalhealth,,,neutral,medication,providing_support
comment,synth_601222,t3_synth2657,I'm trying to stay positive but it's difficult.,user_9355,I'm feeling overwhelmed lately and trying to cope.,50,4,3,False,2025-12-04,1764844062,r/mentalhealth,,,neutral,medication,providing_support
comment,synth_914938,t3_synth9820,Some days are harder than others but I'm trying.,user_3308,Just needed to vent about my stress today.,42,10,1,False,2025-12-02,1764637456,r/mentalhealth,,,neutral,general,seeking_support
comment,synth_594081,t3_synth9682,Trying new ways to manage my mental health.,user_7418,Anxiety has been really tough this week.,40,6,0,False,2025-11-26,1764155446,r/mentalhealth,,,neutral,anxiety,general_discussion
comment,synth_154786,t3_synth4515,Feeling lonely and unsure how to deal with it.,user_5543,Trying new ways to manage my mental health.,43,0,1,False,2025-12-04,1764863894,r/mentalhealth,,,neutral,general,providing_support
comment,synth_334064,t3_synth9580,Trying new ways to manage my mental health.,user_4763,Trying new ways to manage my mental health.,43,4,1,False,2025-11-27,1764245194,r/mentalhealth,,,neutral,general,providing_support
comment,synth_473650,t3_synth7566,Depression makes everything feel heavy.,user_5023,I'm trying to stay positive but it's difficult.,47,7,2,False,2025-12-04,1764830067,r/mentalhealth,,,neutral,general,providing_support
comment,synth_921399,t3_synth985,Trying new ways to manage my mental health.,user_6191,I'm feeling overwhelmed lately and trying to cope.,50,3,3,False,2025-12-06,1765003702,r/mentalhealth,,,neutral,medication,providing_support
comment,synth_622292,t3_synth4130,I'm trying to stay positive but it's difficult.,user_7611,I'm feeling overwhelmed lately and trying to cope.,50,0,0,False,2025-12-03,1764801556,r/mentalhealth,,,neutral,medication,providing_support
comment,synth_405372,t3_synth955,I'm trying to stay positive but it's difficult.,user_9899,Depression makes everything feel heavy.,39,5,2,False,2025-12-01,1764593707,r/mentalhealth,,,negative,depression,general_discussion
comment,synth_113028,t3_synth1808,I appreciate this community for the support.,user_8602,I appreciate this community for the support.,44,2,1,False,2025-12-07,1765091076,r/mentalhealth,,,positive,support_seeking,general_discussion
comment,synth_520569,t3_synth5324,Anxiety has been really tough this week.,user_9388,Some days are harder than others but I'm trying.,48,10,2,False,2025-11-26,1764163571,r/mentalhealth,,,neutral,general,providing_support
comment,synth_252897,t3_synth5838,Just needed to vent about my stress today.,user_9904,I'm trying to stay positive but it's difficult.,47,4,0,False,2025-11-27,1764271470,r/mentalhealth,,,neutral,general,providing_support
comment,synth_827706,t3_synth8674,Some days are harder than others but I'm trying.,user_5268,Some days are harder than others but I'm trying.,48,5,1,False,2025-11-28,1764374252,r/mentalhealth,,,neutral,general,providing_support
comment,synth_874378,t3_synth9381,Depression makes everything feel heavy.,user_8104,Just needed to vent about my stress today.,42,9,2,False,2025-11-27,1764216985,r/mentalhealth,,,neutral,general,seeking_support
comment,synth_649107,t3_synth3250,Just needed to vent about my stress today.,user_9406,Some days are harder than others but I'm trying.,48,4,3,False,2025-12-04,1764858917,r/mentalhealth,,,neutral,general,providing_support
comment,synth_940226,t3_synth3234,I'm trying to stay positive but it's difficult.,user_5206,I'm trying to stay positive but it's difficult.,47,1,1,False,2025-11-27,1764246578,r/mentalhealth,,,neutral,general,providing_support
comment,synth_695472,t3_synth5428,Feeling lonely and unsure how to deal with it.,user_5028,Some days are harder than others but I'm trying.,48,0,1,False,2025-12-04,1764855203,r/mentalhealth,,,neutral,general,providing_support
comment,synth_148314,t3_synth878,I'm feeling overwhelmed lately and trying to cope.,user_9975,I'm trying to stay positive but it's difficult.,47,2,3,False,2025-11-30,1764541859,r/mentalhealth,,,neutral,general,providing_support
comment,synth_566948,t3_synth2839,Some days are harder than others but I'm trying.,user_5886,I'm feeling overwhelmed lately and trying to cope.,50,6,1,False,2025-12-02,1764710154,r/mentalhealth,,,neutral,medication,providing_support
comment,synth_729621,t3_synth5609,Just needed to vent about my stress today.,user_8940,I appreciate this community for the support.,44,5,1,False,2025-11-26,1764128854,r/mentalhealth,,,positive,support_seeking,general_discussion
comment,synth_270345,t3_synth5879,Just needed to vent about my stress today.,user_8409,I appreciate this community for the support.,44,4,0,False,2025-12-06,1765050866,r/mentalhealth,,,positive,support_seeking,general_discussion
comment,synth_206548,t3_synth839,I'm trying to stay positive but it's difficult.,user_2847,Feeling lonely and unsure how to deal with it.,46,3,1,False,2025-12-02,1764686173,r/mentalhealth,,,neutral,general,general_discussion
comment,synth_542556,t3_synth8859,Depression makes everything feel heavy.,user_4088,Trying new ways to manage my mental health.,43,3,0,False,2025-11-26,1764198505,r/mentalhealth,,,neutral,general,providing_support
comment,synth_580294,t3_synth4475,Anxiety has been really tough this week.,user_6409,Just needed to vent about my stress today.,42,1,3,False,2025-11-29,1764456799,r/mentalhealth,,,neutral,general,seeking_support
comment,synth_725453,t3_synth5011,Today was a small win for my wellbeing.,user_1324,Some days are harder than others but I'm trying.,48,7,0,False,2025-11-30,1764539117,r/mentalhealth,,,neutral,general,providing_support
comment,synth_462736,t3_synth3232,Just needed to vent about my stress today.,user_2190,Trying new ways to manage my mental health.,43,6,1,False,2025-11-26,1764165995,r/mentalhealth,,,neutral,general,providing_support
comment,synth_234337,t3_synth8214,I appreciate this community for the support.,user_6373,Depression makes everything feel heavy.,39,3,3,False,2025-12-03,1764769261,r/mentalhealth,,,negative,depression,general_discussion
comment,synth_571834,t3_synth2131,Some days are harder than others but I'm trying.,user_4126,I appreciate this community for the support.,44,2,3,False,2025-11-29,1764451385,r/mentalhealth,,,positive,support_seeking,general_discussion
comment,synth_833704,t3_synth5930,I'm trying to stay positive but it's difficult.,user_5107,Anxiety has been really tough this week.,40,9,2,False,2025-12-03,1764790400,r/mentalhealth,,,neutral,anxiety,general_discussion
comment,synth_698523,t3_synth9731,Depression makes everything feel heavy.,user_9012,Some days are harder than others but I'm trying.,48,7,0,False,2025-11-28,1764294190,r/mentalhealth,,,neutral,general,providing_support
comment,synth_808455,t3_synth3555,Depression makes everything feel heavy.,user_5927,Today was a small win for my wellbeing.,39,8,2,False,2025-12-07,1765089593,r/mentalhealth,,,neutral,general,general_discussion
comment,synth_538983,t3_synth8828,Some days are harder than others but I'm trying.,user_9511,Anxiety has been really tough this week.,40,3,1,False,2025-12-03,1764733622,r/mentalhealth,,,neutral,anxiety,general_discussion
comment,synth_353815,t3_synth6397,Today was a small win for my wellbeing.,user_4576,Some days are harder than others but I'm trying.,48,7,1,False,2025-12-06,1765022090,r/mentalhealth,,,neutral,general,providing_support
comment,synth_604313,t3_synth5971,I'm feeling overwhelmed lately and trying to cope.,user_4244,Some days are harder than others but I'm trying.,48,7,0,False,2025-12-06,1765053906,r/mentalhealth,,,neutral,general,providing_support
comment,synth_186170,t3_synth7515,Feeling lonely and unsure how to deal with it.,user_2534,Feeling lonely and unsure how to deal with it.,46,9,3,False,2025-12-07,1765113980,r/mentalhealth,,,neutral,general,general_discussion
comment,synth_874460,t3_synth2659,Today was a small win for my wellbeing.,user_2808,Trying new ways to manage my mental health.,43,10,0,False,2025-11-30,1764543633,r/mentalhealth,,,neutral,general,providing_support
comment,synth_156115,t3_synth8878,I'm feeling overwhelmed lately and trying to cope.,user_4937,Today was a small win for my wellbeing.,39,6,0,False,2025-11-29,1764399234,r/mentalhealth,,,neutral,general,general_discussion
comment,synth_434979,t3_synth2516,Today was a small win for my wellbeing.,user_7920,Anxiety has been really tough this week.,40,4,1,False,2025-12-04,1764827839,r/mentalhealth,,,neutral,anxiety,general_discussion
comment,synth_320748,t3_synth6745,Depression makes everything feel heavy.,user_6377,Just needed to vent about my stress today.,42,7,3,False,2025-11-29,1764395402,r/mentalhealth,,,neutral,general,seeking_support
comment,synth_820846,t3_synth5855,I'm feeling overwhelmed lately and trying to cope.,user_2155,Trying new ways to manage my mental health.,43,3,2,False,2025-12-02,1764661620,r/mentalhealth,,,neutral,general,providing_support
comment,synth_610792,t3_synth9348,Feeling lonely and unsure how to deal with it.,user_9216,Trying new ways to manage my mental health.,43,2,2,False,2025-12-01,1764600633,r/mentalhealth,,,neutral,general,providing_support
comment,synth_202968,t3_synth1004,Feeling lonely and unsure how to deal with it.,user_5954,Feeling lonely and unsure how to deal with it.,46,4,1,False,2025-11-27,1764242398,r/mentalhealth,,,neutral,general,general_discussion
comment,synth_756624,t3_synth4523,Some days are harder than others but I'm trying.,user_7068,Depression makes everything feel heavy.,39,5,0,False,2025-12-04,1764837290,r/mentalhealth,,,negative,depression,general_discussion
comment,synth_666921,t3_synth5698,I'm feeling overwhelmed lately and trying to cope.,user_6406,Anxiety has been really tough this week.,40,8,0,False,2025-11-26,1764137300,r/mentalhealth,,,neutral,anxiety,general_discussion
comment,synth_741913,t3_synth5782,Depression makes everything feel heavy.,user_2384,Today was a small win for my wellbeing.,39,7,2,False,2025-11-28,1764326303,r/mentalhealth,,,neutral,general,general_discussion
comment,synth_971349,t3_synth550,Trying new ways to manage my mental health.,user_5939,I'm trying to stay positive but it's difficult.,47,8,0,False,2025-12-03,1764758524,r/mentalhealth,,,neutral,general,providing_support
comment,synth_691697,t3_synth8150,Today was a small win for my wellbeing.,user_8230,I'm feeling overwhelmed lately and trying to cope.,50,2,2,False,2025-12-06,1765039408,r/mentalhealth,,,neutral,medication,providing_support
comment,synth_248219,t3_synth2849,Some days are harder than others but I'm trying.,user_2127,Some days are harder than others but I'm trying.,48,3,0,False,2025-12-03,1764730108,r/mentalhealth,,,neutral,general,providing_support
comment,synth_816486,t3_synth5062,Depression makes everything feel heavy.,user_6386,Today was a small win for my wellbeing.,39,4,3,False,2025-11-26,1764156661,r/mentalhealth,,,neutral,general,general_discussion
comment,synth_425116,t3_synth5380,Trying new ways to manage my mental health.,user_3953,Today was a small win for my wellbeing.,39,6,3,False,2025-12-01,1764602177,r/mentalhealth,,,neutral,general,general_discussion
comment,synth_495204,t3_synth2585,Today was a small win for my wellbeing.,user_7462,Depression makes everything feel heavy.,39,6,3,False,2025-11-28,1764364404,r/mentalhealth,,,negative,depression,general_discussion
comment,synth_228890,t3_synth3341,Today was a small win for my wellbeing.,user_3364,Depression makes everything feel heavy.,39,7,0,False,2025-11-27,1764238182,r/mentalhealth,,,negative,depression,general_discussion
comment,synth_460618,t3_synth5477,Some days are harder than others but I'm trying.,user_1364,Trying new ways to manage my mental health.,43,3,0,False,2025-12-02,1764634383,r/mentalhealth,,,neutral,general,providing_support
comment,synth_881105,t3_synth5109,I'm trying to stay positive but it's difficult.,user_8013,Today was a small win for my wellbeing.,39,1,2,False,2025-12-04,1764856152,r/mentalhealth,,,neutral,general,general_discussion
comment,synth_355374,t3_synth5363,Trying new ways to manage my mental health.,user_3748,Just needed to vent about my stress today.,42,0,2,False,2025-11-26,1764160697,r/mentalhealth,,,neutral,general,seeking_support
comment,synth_140304,t3_synth708,Today was a small win for my wellbeing.,user_1367,Feeling lonely and unsure how to deal with it.,46,1,1,False,2025-12-06,1765061157,r/mentalhealth,,,neutral,general,general_discussion
comment,synth_821196,t3_synth430,I appreciate this community for the support.,user_4265,Trying new ways to manage my mental health.,43,4,1,False,2025-12-01,1764551709,r/mentalhealth,,,neutral,general,providing_support
comment,synth_272998,t3_synth2471,Some days are harder than others but I'm trying.,user_1353,Today was a small win for my wellbeing.,39,5,1,False,2025-12-06,1765021376,r/mentalhealth,,,neutral,general,general_discussion
comment,synth_283024,t3_synth5694,Trying new ways to manage my mental health.,user_4787,Anxiety has been really tough this week.,40,5,3,False,2025-11-26,1764132523,r/mentalhealth,,,neutral,anxiety,general_discussion
comment,synth_644455,t3_synth6280,Just needed to vent about my stress today.,user_8528,Depression makes everything feel heavy.,39,3,0,False,2025-12-04,1764881600,r/mentalhealth,,,negative,depression,general_discussion
comment,synth_462433,t3_synth2536,Just needed to vent about my stress today.,user_6879,I'm trying to stay positive but it's difficult.,47,4,2,False,2025-11-27,1764254222,r/mentalhealth,,,neutral,general,providing_support
comment,synth_870887,t3_synth1758,I'm feeling overwhelmed lately and trying to cope.,user_4968,Feeling lonely and unsure how to deal with it.,46,4,1,False,2025-11-29,1764396426,r/mentalhealth,,,neutral,general,general_discussion
comment,synth_536069,t3_synth6087,I'm feeling overwhelmed lately and trying to cope.,user_3611,Trying new ways to manage my mental health.,43,6,2,False,2025-11-26,1764151598,r/mentalhealth,,,neutral,general,providing_support
comment,synth_800707,t3_synth954,I'm trying to stay positive but it's difficult.,user_6159,Some days are harder than others but I'm trying.,48,3,1,False,2025-11-28,1764314832,r/mentalhealth,,,neutral,general,providing_support
comment,synth_980357,t3_synth3229,I'm trying to stay positive but it's difficult.,user_1091,Depression makes everything feel heavy.,39,4,0,False,2025-11-30,1764539727,r/mentalhealth,,,negative,depression,general_discussion
comment,synth_188718,t3_synth6989,Depression makes everything feel heavy.,user_8039,Anxiety has been really tough this week.,40,9,2,False,2025-12-04,1764879139,r/mentalhealth,,,neutral,anxiety,general_discussion
comment,synth_765715,t3_synth4440,Anxiety has been really tough this week.,user_6698,Feeling lonely and unsure how to deal with it.,46,0,1,False,2025-11-28,1764358865,r/mentalhealth,,,neutral,general,general_discussion
comment,synth_636065,t3_synth4093,Depression makes everything feel heavy.,user_3536,Depression makes everything feel heavy.,39,4,3,False,2025-12-01,1764623688,r/mentalhealth,,,negative,depression,general_discussion
comment,synth_192438,t3_synth9468,Feeling lonely and unsure how to deal with it.,user_8892,Feeling lonely and unsure how to deal with it.,46,2,1,False,2025-12-06,1765037878,r/mentalhealth,,,neutral,general,general_discussion
comment,synth_570783,t3_synth1041,I'm feeling overwhelmed lately and trying to cope.,user_7070,I'm trying to stay positive but it's difficult.,47,0,1,False,2025-12-07,1765103944,r/mentalhealth,,,neutral,general,providing_support
comment,synth_598236,t3_synth7194,Today was a small win for my wellbeing.,user_1531,I appreciate this community for the support.,44,1,0,False,2025-12-05,1764943893,r/mentalhealth,,,positive,support_seeking,general_discussion
comment,synth_109785,t3_synth8739,I'm feeling overwhelmed lately and trying to cope.,user_3734,Depression makes everything feel heavy.,39,7,1,False,2025-12-04,1764866433,r/mentalhealth,,,negative,depression,general_discussion
comment,synth_923655,t3_synth380,Depression makes everything feel heavy.,user_2970,Today was a small win for my wellbeing.,39,3,1,False,2025-11-28,1764328730,r/mentalhealth,,,neutral,general,general_discussion
comment,synth_947893,t3_synth1482,Feeling lonely and unsure how to deal with it.,user_8990,Anxiety has been really tough this week.,40,10,1,False,2025-12-03,1764735489,r/mentalhealth,,,neutral,anxiety,general_discussion
comment,synth_171288,t3_synth4941,Some days are harder than others but I'm trying.,user_2740,Today was a small win for my wellbeing.,39,2,1,False,2025-11-27,1764274830,r/mentalhealth,,,neutral,general,general_discussion
comment,synth_844725,t3_synth6303,Anxiety has been really tough this week.,user_5377,Anxiety has been really tough this week.,40,8,2,False,2025-12-06,1765012348,r/mentalhealth,,,neutral,anxiety,general_discussion
comment,synth_766762,t3_synth2702,Today was a small win for my wellbeing.,user_9139,I'm feeling overwhelmed lately and trying to cope.,50,9,2,False,2025-11-26,1764200635,r/mentalhealth,,,neutral,medication,providing_support
comment,synth_195973,t3_synth8182,Anxiety has been really tough this week.,user_7189,Today was a small win for my wellbeing.,39,0,1,False,2025-11-30,1764500931,r/mentalhealth,,,neutral,general,general_discussion
comment,synth_564230,t3_synth4445,Trying new ways to manage my mental health.,user_8578,Depression makes everything feel heavy.,39,7,0,False,2025-12-04,1764885984,r/mentalhealth,,,negative,depression,general_discussion
comment,synth_610077,t3_synth5344,Anxiety has been really tough this week.,user_2738,Some days are harder than others but I'm trying.,48,1,2,False,2025-12-02,1764715182,r/mentalhealth,,,neutral,general,providing_support
comment,synth_180297,t3_synth5210,Anxiety has been really tough this week.,user_7428,Depression makes everything feel heavy.,39,2,1,False,2025-12-04,1764821792,r/mentalhealth,,,negative,depression,general_discussion
comment,synth_315569,t3_synth1334,Anxiety has been really tough this week.,user_4122,Just needed to vent about my stress today.,42,9,0,False,2025-11-29,1764374839,r/mentalhealth,,,neutral,general,seeking_support
comment,synth_824803,t3_synth6357,Anxiety has been really tough this week.,user_3555,I'm trying to stay positive but it's difficult.,47,1,3,False,2025-12-05,1764919656,r/mentalhealth,,,neutral,general,providing_support
comment,synth_466273,t3_synth5771,I'm trying to stay positive but it's difficult.,user_8177,Anxiety has been really tough this week.,40,2,0,False,2025-12-01,1764615065,r/mentalhealth,,,neutral,anxiety,general_discussion
comment,synth_795470,t3_synth2461,I appreciate this community for the support.,user_4068,Just needed to vent about my stress today.,42,1,3,False,2025-12-03,1764748923,r/mentalhealth,,,neutral,general,seeking_support
comment,synth_247272,t3_synth1439,Today was a small win for my wellbeing.,user_8889,Today was a small win for my wellbeing.,39,4,2,False,2025-11-30,1764500124,r/mentalhealth,,,neutral,general,general_discussion
comment,synth_643158,t3_synth4778,I'm feeling overwhelmed lately and trying to cope.,user_6948,Depression makes everything feel heavy.,39,8,1,False,2025-11-29,1764407540,r/mentalhealth,,,negative,depression,general_discussion
comment,synth_860124,t3_synth6482,I appreciate this community for the support.,user_8686,Anxiety has been really tough this week.,40,5,0,False,2025-12-06,1764998419,r/mentalhealth,,,neutral,anxiety,general_discussion
comment,synth_209951,t3_synth995,I'm feeling overwhelmed lately and trying to cope.,user_9754,Trying new ways to manage my mental health.,43,2,1,False,2025-11-28,1764297930,r/mentalhealth,,,neutral,general,providing_support
comment,synth_156835,t3_synth9392,Just needed to vent about my stress today.,user_7869,Depression makes everything feel heavy.,39,3,2,False,2025-12-06,1765030791,r/mentalhealth,,,negative,depression,general_discussion
comment,synth_333915,t3_synth1472,Just needed to vent about my stress today.,user_1830,Depression makes everything feel heavy.,39,7,1,False,2025-12-06,1765030638,r/mentalhealth,,,negative,depression,general_discussion
comment,synth_668451,t3_synth3937,Some days are harder than others but I'm trying.,user_8677,Feeling lonely and unsure how to deal with it.,46,2,1,False,2025-11-30,1764526831,r/mentalhealth,,,neutral,general,general_discussion
comment,synth_606267,t3_synth5701,I appreciate this community for the support.,user_3208,I'm trying to stay positive but it's difficult.,47,9,2,False,2025-12-04,1764820652,r/mentalhealth,,,neutral,general,providing_support
comment,synth_260719,t3_synth7455,Feeling lonely and unsure how to deal with it.,user_6482,Today was a small win for my wellbeing.,39,2,0,False,2025-11-29,1764394961,r/mentalhealth,,,neutral,general,general_discussion
comment,synth_103289,t3_synth9839,I appreciate this community for the support.,user_6964,Some days are harder than others but I'm trying.,48,6,2,False,2025-12-01,1764621606,r/mentalhealth,,,neutral,general,providing_support
comment,synth_234065,t3_synth4810,I appreciate this community for the support.,user_1179,I'm trying to stay positive but it's difficult.,47,7,1,False,2025-12-01,1764565142,r/mentalhealth,,,neutral,general,providing_support
comment,synth_594733,t3_synth8969,Just needed to vent about my stress today.,user_4747,I appreciate this community for the support.,44,5,3,False,2025-11-27,1764217005,r/mentalhealth,,,positive,support_seeking,general_discussion
comment,synth_605722,t3_synth6696,Today was a small win for my wellbeing.,user_4169,Some days are harder than others but I'm trying.,48,5,2,False,2025-12-05,1764921213,r/mentalhealth,,,neutral,general,providing_support
comment,synth_539057,t3_synth2574,Depression makes everything feel heavy.,user_7083,I appreciate this community for the support.,44,6,2,False,2025-12-06,1764983678,r/mentalhealth,,,positive,support_seeking,general_discussion
comment,synth_576856,t3_synth7906,I appreciate this community for the support.,user_2068,Trying new ways to manage my mental health.,43,3,1,False,2025-11-28,1764371115,r/mentalhealth,,,neutral,general,providing_support
comment,synth_256122,t3_synth8365,Today was a small win for my wellbeing.,user_9549,Trying new ways to manage my mental health.,43,6,3,False,2025-11-30,1764546815,r/mentalhealth,,,neutral,general,providing_support
comment,synth_859531,t3_synth5281,Anxiety has been really tough this week.,user_2230,Some days are harder than others but I'm trying.,48,5,3,False,2025-12-03,1764793377,r/mentalhealth,,,neutral,general,providing_support
comment,synth_680031,t3_synth359,Some days are harder than others but I'm trying.,user_7009,Anxiety has been really tough this week.,40,8,0,False,2025-11-30,1764486147,r/mentalhealth,,,neutral,anxiety,general_discussion
comment,synth_469506,t3_synth4641,I'm feeling overwhelmed lately and trying to cope.,user_6590,Depression makes everything feel heavy.,39,4,2,False,2025-11-28,1764313417,r/mentalhealth,,,negative,depression,general_discussion
comment,synth_227071,t3_synth8549,Just needed to vent about my stress today.,user_5055,Feeling lonely and unsure how to deal with it.,46,4,3,False,2025-12-05,1764966882,r/mentalhealth,,,neutral,general,general_discussion
comment,synth_896194,t3_synth3423,Depression makes everything feel heavy.,user_1318,Anxiety has been really tough this week.,40,0,2,False,2025-12-02,1764655028,r/mentalhealth,,,neutral,anxiety,general_discussion
comment,synth_260063,t3_synth3581,Today was a small win for my wellbeing.,user_8727,Some days are harder than others but I'm trying.,48,8,3,False,2025-12-02,1764649040,r/mentalhealth,,,neutral,general,providing_support
comment,synth_784089,t3_synth933,I'm feeling overwhelmed lately and trying to cope.,user_3581,Anxiety has been really tough this week.,40,10,2,False,2025-11-29,1764379890,r/mentalhealth,,,neutral,anxiety,general_discussion
comment,synth_909547,t3_synth1392,I appreciate this community for the support.,user_8330,I'm feeling overwhelmed lately and trying to cope.,50,3,3,False,2025-12-05,1764922715,r/mentalhealth,,,neutral,medication,providing_support
comment,synth_564841,t3_synth6051,I'm trying to stay positive but it's difficult.,user_3921,Feeling lonely and unsure how to deal with it.,46,9,3,False,2025-12-01,1764616743,r/mentalhealth,,,neutral,general,general_discussion
comment,synth_772472,t3_synth2585,I'm trying to stay positive but it's difficult.,user_1585,Depression makes everything feel heavy.,39,6,1,False,2025-12-06,1765044975,r/mentalhealth,,,negative,depression,general_discussion
comment,synth_339508,t3_synth1399,Depression makes everything feel heavy.,user_7478,Today was a small win for my wellbeing.,39,7,1,False,2025-11-27,1764264992,r/mentalhealth,,,neutral,general,general_discussion
comment,synth_174903,t3_synth6012,Just needed to vent about my stress today.,user_9325,Depression makes everything feel heavy.,39,10,3,False,2025-12-05,1764936470,r/mentalhealth,,,negative,depression,general_discussion
comment,synth_137518,t3_synth6418,I'm feeling overwhelmed lately and trying to cope.,user_9118,Some days are harder than others but I'm trying.,48,4,2,False,2025-11-28,1764341832,r/mentalhealth,,,neutral,general,providing_support
comment,synth_476720,t3_synth9189,Trying new ways to manage my mental health.,user_6913,I appreciate this community for the support.,44,10,0,False,2025-11-27,1764235630,r/mentalhealth,,,positive,support_seeking,general_discussion
comment,synth_529701,t3_synth590,I appreciate this community for the support.,user_1859,Some days are harder than others but I'm trying.,48,10,0,False,2025-11-27,1764282335,r/mentalhealth,,,neutral,general,providing_support
comment,synth_603600,t3_synth8219,Some days are harder than others but I'm trying.,user_5812,Feeling lonely and unsure how to deal with it.,46,10,3,False,2025-11-30,1764525861,r/mentalhealth,,,neutral,general,general_discussion
comment,synth_718848,t3_synth413,I'm feeling overwhelmed lately and trying to cope.,user_3196,I appreciate this community for the support.,44,9,3,False,2025-12-03,1764749351,r/mentalhealth,,,positive,support_seeking,general_discussion
comment,synth_960298,t3_synth5596,I appreciate this community for the support.,user_5886,Some days are harder than others but I'm trying.,48,8,3,False,2025-11-27,1764219949,r/mentalhealth,,,neutral,general,providing_support
comment,synth_557154,t3_synth1767,Trying new ways to manage my mental health.,user_6198,Just needed to vent about my stress today.,42,2,0,False,2025-12-05,1764951131,r/mentalhealth,,,neutral,general,seeking_support
comment,synth_459798,t3_synth1104,Depression makes everything feel heavy.,user_2092,Some days are harder than others but I'm trying.,48,8,3,False,2025-11-29,1764412279,r/mentalhealth,,,neutral,general,providing_support
comment,synth_732918,t3_synth7876,Today was a small win for my wellbeing.,user_6066,Just needed to vent about my stress today.,42,6,1,False,2025-11-27,1764233634,r/mentalhealth,,,neutral,general,seeking_support
comment,synth_244582,t3_synth7073,Trying new ways to manage my mental health.,user_4320,I'm feeling overwhelmed lately and trying to cope.,50,3,3,False,2025-12-06,1764998705,r/mentalhealth,,,neutral,medication,providing_support
comment,synth_288641,t3_synth4319,Just needed to vent about my stress today.,user_9156,I appreciate this community for the support.,44,3,1,False,2025-11-27,1764250702,r/mentalhealth,,,positive,support_seeking,general_discussion
comment,synth_846605,t3_synth7641,I'm trying to stay positive but it's difficult.,user_2196,Trying new ways to manage my mental health.,43,10,1,False,2025-12-02,1764640827,r/mentalhealth,,,neutral,general,providing_support
comment,synth_106086,t3_synth7173,Just needed to vent about my stress today.,user_2517,Depression makes everything feel heavy.,39,2,0,False,2025-11-30,1764516730,r/mentalhealth,,,negative,depression,general_discussion
comment,synth_595880,t3_synth9546,Feeling lonely and unsure how to deal with it.,user_7121,I'm trying to stay positive but it's difficult.,47,1,1,False,2025-11-26,1764181627,r/mentalhealth,,,neutral,general,providing_support
comment,synth_471649,t3_synth7789,I appreciate this community for the support.,user_1872,I appreciate this community for the support.,44,0,1,False,2025-12-05,1764939805,r/mentalhealth,,,neutral,support_seeking,general_discussion
comment,synth_328343,t3_synth46,I appreciate this community for the support.,user_7030,I'm feeling overwhelmed lately and trying to cope.,50,7,3,False,2025-11-27,1764227217,r/mentalhealth,,,neutral,medication,providing_support
comment,synth_632518,t3_synth5012,Feeling lonely and unsure how to deal with it.,user_9692,Depression makes everything feel heavy.,39,4,0,False,2025-12-03,1764805676,r/mentalhealth,,,negative,depression,general_discussion
comment,synth_145362,t3_synth4437,Today was a small win for my wellbeing.,user_2370,Trying new ways to manage my mental health.,43,0,0,False,2025-12-01,1764599960,r/mentalhealth,,,neutral,general,providing_support
comment,synth_173717,t3_synth9280,I appreciate this community for the support.,user_2164,Depression makes everything feel heavy.,39,7,3,False,2025-12-03,1764782556,r/mentalhealth,,,negative,depression,general_discussion
comment,synth_345742,t3_synth3175,Today was a small win for my wellbeing.,user_1777,Today was a small win for my wellbeing.,39,6,1,False,2025-11-26,1764155916,r/mentalhealth,,,neutral,general,general_discussion
comment,synth_106737,t3_synth3707,Trying new ways to manage my mental health.,user_4419,Trying new ways to manage my mental health.,43,5,1,False,2025-11-28,1764302053,r/mentalhealth,,,neutral,general,providing_support
comment,synth_761160,t3_synth4532,Trying new ways to manage my mental health.,user_3603,Anxiety has been really tough this week.,40,5,0,False,2025-12-07,1765090225,r/mentalhealth,,,neutral,anxiety,general_discussion
comment,synth_362815,t3_synth3229,I'm feeling overwhelmed lately and trying to cope.,user_3484,I'm feeling overwhelmed lately and trying to cope.,50,3,0,False,2025-12-02,1764648284,r/mentalhealth,,,neutral,medication,providing_support
comment,synth_245160,t3_synth2180,Feeling lonely and unsure how to deal with it.,user_9920,Depression makes everything feel heavy.,39,6,3,False,2025-11-28,1764370573,r/mentalhealth,,,negative,depression,general_discussion
comment,synth_357032,t3_synth1789,Depression makes everything feel heavy.,user_5907,I'm trying to stay positive but it's difficult.,47,9,3,False,2025-11-28,1764373814,r/mentalhealth,,,neutral,general,providing_support
comment,synth_830938,t3_synth7255,Today was a small win for my wellbeing.,user_7728,Today was a small win for my wellbeing.,39,9,0,False,2025-12-01,1764593564,r/mentalhealth,,,neutral,general,general_discussion
comment,synth_839844,t3_synth448,I'm trying to stay positive but it's difficult.,user_7642,Anxiety has been really tough this week.,40,5,1,False,2025-12-07,1765080149,r/mentalhealth,,,neutral,anxiety,general_discussion
comment,synth_898097,t3_synth5917,Feeling lonely and unsure how to deal with it.,user_2295,I'm trying to stay positive but it's difficult.,47,2,3,False,2025-12-04,1764808023,r/mentalhealth,,,neutral,general,providing_support
comment,synth_848886,t3_synth4302,Today was a small win for my wellbeing.,user_7327,Depression makes everything feel heavy.,39,4,0,False,2025-12-03,1764805808,r/mentalhealth,,,negative,depression,general_discussion
comment,synth_222775,t3_synth2600,I appreciate this community for the support.,user_5766,Some days are harder than others but I'm trying.,48,5,0,False,2025-12-02,1764651366,r/mentalhealth,,,neutral,general,providing_support
comment,synth_419980,t3_synth9174,Feeling lonely and unsure how to deal with it.,user_7219,I'm trying to stay positive but it's difficult.,47,9,2,False,2025-12-03,1764789829,r/mentalhealth,,,neutral,general,providing_support
comment,synth_281426,t3_synth2935,Some days are harder than others but I'm trying.,user_5827,Anxiety has been really tough this week.,40,6,2,False,2025-12-01,1764573780,r/mentalhealth,,,neutral,anxiety,general_discussion
comment,synth_181142,t3_synth9061,Some days are harder than others but I'm trying.,user_8962,Just needed to vent about my stress today.,42,0,0,False,2025-11-26,1764130630,r/mentalhealth,,,neutral,general,seeking_support
comment,synth_825584,t3_synth3418,Feeling lonely and unsure how to deal with it.,user_2856,Depression makes everything feel heavy.,39,5,1,False,2025-11-27,1764212795,r/mentalhealth,,,negative,depression,general_discussion
comment,synth_725320,t3_synth4839,Some days are harder than others but I'm trying.,user_9546,I appreciate this community for the support.,44,3,2,False,2025-11-29,1764452681,r/mentalhealth,,,positive,support_seeking,general_discussion
comment,synth_258963,t3_synth1968,Anxiety has been really tough this week.,user_8319,Some days are harder than others but I'm trying.,48,6,1,False,2025-11-29,1764413488,r/mentalhealth,,,neutral,general,providing_support
comment,synth_779254,t3_synth7061,Today was a small win for my wellbeing.,user_1856,Trying new ways to manage my mental health.,43,2,0,False,2025-12-02,1764695724,r/mentalhealth,,,neutral,general,providing_support
comment,synth_512529,t3_synth9834,I appreciate this community for the support.,user_8856,Today was a small win for my wellbeing.,39,7,1,False,2025-12-04,1764829125,r/mentalhealth,,,neutral,general,general_discussion
comment,synth_525932,t3_synth4712,Depression makes everything feel heavy.,user_5156,Just needed to vent about my stress today.,42,2,0,False,2025-12-02,1764675866,r/mentalhealth,,,neutral,general,seeking_support
comment,synth_772268,t3_synth6677,Just needed to vent about my stress today.,user_7227,I'm feeling overwhelmed lately and trying to cope.,50,0,2,False,2025-11-26,1764197524,r/mentalhealth,,,neutral,medication,providing_support
comment,synth_216776,t3_synth2673,Anxiety has been really tough this week.,user_2975,Some days are harder than others but I'm trying.,48,5,3,False,2025-12-06,1765047488,r/mentalhealth,,,neutral,general,providing_support
comment,synth_509856,t3_synth8491,I'm trying to stay positive but it's difficult.,user_1723,I'm trying to stay positive but it's difficult.,47,8,1,False,2025-12-06,1765050420,r/mentalhealth,,,neutral,general,providing_support
comment,synth_449763,t3_synth5751,Depression makes everything feel heavy.,user_1093,Anxiety has been really tough this week.,40,5,0,False,2025-12-04,1764886902,r/mentalhealth,,,neutral,anxiety,general_discussion
comment,synth_682936,t3_synth371,Trying new ways to manage my mental health.,user_4483,I'm trying to stay positive but it's difficult.,47,3,3,False,2025-11-30,1764542242,r/mentalhealth,,,neutral,general,providing_support
comment,synth_887164,t3_synth2304,I appreciate this community for the support.,user_9953,I'm feeling overwhelmed lately and trying to cope.,50,6,3,False,2025-12-03,1764737590,r/mentalhealth,,,neutral,medication,providing_support
comment,synth_217169,t3_synth7812,I appreciate this community for the support.,user_6154,Anxiety has been really tough this week.,40,6,1,False,2025-12-01,1764586394,r/mentalhealth,,,neutral,anxiety,general_discussion
comment,synth_121885,t3_synth4934,I appreciate this community for the support.,user_5289,I appreciate this community for the support.,44,10,0,False,2025-12-04,1764878924,r/mentalhealth,,,positive,support_seeking,general_discussion
comment,synth_199302,t3_synth8086,I'm trying to stay positive but it's difficult.,user_3754,Today was a small win for my wellbeing.,39,1,3,False,2025-12-03,1764785401,r/mentalhealth,,,neutral,general,general_discussion
comment,synth_570140,t3_synth4745,Some days are harder than others but I'm trying.,user_8960,Trying new ways to manage my mental health.,43,7,0,False,2025-11-28,1764363256,r/mentalhealth,,,neutral,general,providing_support
comment,synth_404374,t3_synth2388,Depression makes everything feel heavy.,user_8241,Feeling lonely and unsure how to deal with it.,46,9,0,False,2025-11-29,1764431205,r/mentalhealth,,,neutral,general,general_discussion
comment,synth_210256,t3_synth3779,Some days are harder than others but I'm trying.,user_9872,Today was a small win for my wellbeing.,39,6,3,False,2025-11-30,1764525224,r/mentalhealth,,,neutral,general,general_discussion
comment,synth_800841,t3_synth8693,Depression makes everything feel heavy.,user_6128,I'm feeling overwhelmed lately and trying to cope.,50,9,3,False,2025-12-04,1764879773,r/mentalhealth,,,neutral,medication,providing_support
comment,synth_968993,t3_synth603,I'm feeling overwhelmed lately and trying to cope.,user_8140,I'm feeling overwhelmed lately and trying to cope.,50,4,1,False,2025-11-27,1764254036,r/mentalhealth,,,neutral,medication,providing_support
comment,synth_267677,t3_synth511,I appreciate this community for the support.,user_9464,Trying new ways to manage my mental health.,43,4,1,False,2025-11-27,1764251161,r/mentalhealth,,,neutral,general,providing_support
comment,synth_718397,t3_synth7837,Today was a small win for my wellbeing.,user_2821,Trying new ways to manage my mental health.,43,10,0,False,2025-11-30,1764463076,r/mentalhealth,,,neutral,general,providing_support
comment,synth_838465,t3_synth3761,I appreciate this community for the support.,user_3665,Just needed to vent about my stress today.,42,6,1,False,2025-12-06,1765062083,r/mentalhealth,,,neutral,general,seeking_support
comment,synth_305591,t3_synth1992,Anxiety has been really tough this week.,user_4393,Today was a small win for my wellbeing.,39,6,3,False,2025-12-04,1764856701,r/mentalhealth,,,neutral,general,general_discussion
comment,synth_113331,t3_synth3736,Today was a small win for my wellbeing.,user_5442,Just needed to vent about my stress today.,42,4,0,False,2025-12-07,1765091383,r/mentalhealth,,,neutral,general,seeking_support
comment,synth_136991,t3_synth6366,Today was a small win for my wellbeing.,user_1182,I'm feeling overwhelmed lately and trying to cope.,50,5,0,False,2025-12-03,1764746809,r/mentalhealth,,,neutral,medication,providing_support
comment,synth_998370,t3_synth3470,I'm trying to stay positive but it's difficult.,user_4563,Trying new ways to manage my mental health.,43,4,1,False,2025-11-30,1764512400,r/mentalhealth,,,neutral,general,providing_support
comment,synth_705406,t3_synth1683,Anxiety has been really tough this week.,user_2195,Today was a small win for my wellbeing.,39,0,2,False,2025-12-04,1764869697,r/mentalhealth,,,neutral,general,general_discussion
comment,synth_713071,t3_synth7338,Depression makes everything feel heavy.,user_7097,I'm trying to stay positive but it's difficult.,47,0,2,False,2025-12-06,1765053519,r/mentalhealth,,,neutral,general,providing_support
comment,synth_551559,t3_synth5066,I'm feeling overwhelmed lately and trying to cope.,user_5559,I'm feeling overwhelmed lately and trying to cope.,50,6,2,False,2025-12-03,1764754537,r/mentalhealth,,,neutral,medication,providing_support
comment,synth_933668,t3_synth9621,Anxiety has been really tough this week.,user_8212,I appreciate this community for the support.,44,9,2,False,2025-11-26,1764129041,r/mentalhealth,,,positive,support_seeking,general_discussion
comment,synth_146142,t3_synth9974,Anxiety has been really tough this week.,user_7714,I'm feeling overwhelmed lately and trying to cope.,50,4,0,False,2025-11-28,1764293166,r/mentalhealth,,,neutral,medication,providing_support
comment,synth_140745,t3_synth4482,Today was a small win for my wellbeing.,user_1141,I appreciate this community for the support.,44,7,2,False,2025-12-06,1765042324,r/mentalhealth,,,positive,support_seeking,general_discussion
comment,synth_910518,t3_synth5998,Today was a small win for my wellbeing.,user_5869,I'm feeling overwhelmed lately and trying to cope.,50,1,1,False,2025-12-03,1764740171,r/mentalhealth,,,neutral,medication,providing_support
comment,synth_440675,t3_synth2439,Depression makes everything feel heavy.,user_7562,Trying new ways to manage my mental health.,43,4,2,False,2025-11-30,1764487633,r/mentalhealth,,,neutral,general,providing_support
comment,synth_849069,t3_synth6868,I appreciate this community for the support.,user_7011,Some days are harder than others but I'm trying.,48,1,3,False,2025-12-02,1764661582,r/mentalhealth,,,neutral,general,providing_support
comment,synth_371714,t3_synth8266,I'm feeling overwhelmed lately and trying to cope.,user_6519,Some days are harder than others but I'm trying.,48,4,3,False,2025-12-04,1764861885,r/mentalhealth,,,neutral,general,providing_support
comment,synth_728940,t3_synth3207,Some days are harder than others but I'm trying.,user_4646,Feeling lonely and unsure how to deal with it.,46,2,2,False,2025-12-07,1765113809,r/mentalhealth,,,neutral,general,general_discussion
comment,synth_878708,t3_synth3759,I'm trying to stay positive but it's difficult.,user_3157,Today was a small win for my wellbeing.,39,3,1,False,2025-11-28,1764352119,r/mentalhealth,,,neutral,general,general_discussion
comment,synth_175876,t3_synth2821,Some days are harder than others but I'm trying.,user_5915,Just needed to vent about my stress today.,42,2,1,False,2025-11-27,1764287991,r/mentalhealth,,,neutral,general,seeking_support
comment,synth_104140,t3_synth9738,Anxiety has been really tough this week.,user_2574,Depression makes everything feel heavy.,39,10,2,False,2025-12-04,1764853491,r/mentalhealth,,,negative,depression,general_discussion
comment,synth_368563,t3_synth2662,Depression makes everything feel heavy.,user_2159,Some days are harder than others but I'm trying.,48,4,0,False,2025-12-04,1764886009,r/mentalhealth,,,neutral,general,providing_support
comment,synth_470014,t3_synth3274,Trying new ways to manage my mental health.,user_5448,Trying new ways to manage my mental health.,43,6,1,False,2025-12-05,1764908863,r/mentalhealth,,,neutral,general,providing_support
